appid,reviewId,cluster_id,cluster_size
48110,452944,7,17
48110,2602918,7,17
48110,6203450,9,4
48110,7940031,3,35
48110,8557493,3,35
48110,9212344,10,3
48110,9504969,7,17
48110,9600159,1,20
48110,9709571,3,35
48110,10204224,7,17
48110,10655915,8,10
48110,11611591,3,35
48110,11802827,8,10
48110,12130245,1,20
48110,12379500,5,6
48110,12647929,11,14
48110,13247590,1,20
48110,13523334,3,35
48110,13581354,11,14
48110,14599902,3,35
48110,14768994,6,11
48110,15159456,1,20
48110,15171173,2,21
48110,15215927,3,35
48110,16033810,3,35
48110,16066677,2,21
48110,16431914,3,35
48110,17018696,11,14
48110,17278325,5,6
48110,18605415,1,20
48110,18626913,7,17
48110,18975550,8,10
48110,19173746,3,35
48110,20864839,4,7
48110,20961981,1,20
48110,21114457,9,4
48110,21237349,11,14
48110,22508486,2,21
48110,23267318,11,14
48110,23289936,7,17
48110,23687606,3,35
48110,23943431,7,17
48110,24885603,1,20
48110,24901031,2,21
48110,26275547,11,14
48110,28404971,5,6
48110,29393250,1,20
48110,29921547,10,3
48110,30107841,3,35
48110,30803768,7,17
48110,31404377,7,17
48110,31550156,1,20
48110,33834151,7,17
48110,34070005,10,3
48110,34266226,2,21
48110,35786243,1,20
48110,36337522,3,35
48110,37103233,9,4
48110,38200439,4,7
48110,39131404,3,35
48110,40124648,6,11
48110,41044762,1,20
48110,41361048,1,20
48110,42112274,7,17
48110,42780332,7,17
48110,43236054,1,20
48110,43388361,7,17
48110,44415020,11,14
48110,45182819,1,20
48110,46805846,1,20
48110,47153339,3,35
48110,47584830,3,35
48110,48133856,1,20
48110,48464342,0,2
48110,49496077,0,2
48110,49884413,1,20
48110,49948749,3,35
48110,50165559,2,21
48110,50514448,3,35
48110,50716898,1,20
48110,51216350,6,11
48110,54070435,3,35
48110,54755901,11,14
48110,55103760,7,17
48110,55605287,3,35
48110,59440093,3,35
48110,59613978,3,35
48110,60289637,9,4
48110,60816650,2,21
48110,62315780,6,11
48110,63231032,11,14
48110,63514158,2,21
48110,64145853,3,35
48110,64820416,3,35
48110,65329037,7,17
48110,67076683,2,21
48110,68210846,5,6
48110,68341033,5,6
48110,69368749,4,7
48110,70478477,1,20
48110,70631996,3,35
48110,72702219,1,20
48110,73051569,3,35
48110,73444308,3,35
48110,74488880,3,35
48110,75394401,6,11
48110,76695826,11,14
48110,82203057,2,21
48110,82449598,3,35
48110,82817260,3,35
48110,83940107,3,35
48110,84244133,3,35
48110,87373270,4,7
48110,87385925,8,10
48110,89316508,6,11
48110,91733874,11,14
48110,91793992,3,35
48110,94646433,2,21
48110,94750865,11,14
48110,95059014,8,10
48110,95203001,6,11
48110,98479799,2,21
48110,102614164,6,11
48110,102827155,2,21
48110,113775711,8,10
48110,113883442,8,10
48110,114397332,11,14
48110,115297855,8,10
48110,115708952,2,21
48110,116735808,2,21
48110,118778126,7,17
48110,120363278,2,21
48110,125148056,8,10
48110,131360822,2,21
48110,135520119,11,14
48110,141173861,2,21
48110,141226482,3,35
48110,142931325,8,10
48110,143279597,2,21
48110,147584089,6,11
48110,154111709,4,7
48110,162318004,6,11
48110,162628287,3,35
48110,174793762,7,17
48110,177235181,5,6
48110,178001297,4,7
48110,183262460,2,21
48110,188728040,2,21
48110,195914193,6,11
48110,201066084,4,7
250460,7842025,3,20
250460,8335658,2,9
250460,8391021,5,14
250460,8838323,0,13
250460,8953905,0,13
250460,9250834,8,21
250460,9275906,3,20
250460,9309601,7,6
250460,9501082,3,20
250460,9659506,6,32
250460,9697835,5,14
250460,9707307,3,20
250460,9713164,3,20
250460,9719007,3,20
250460,9741840,6,32
250460,9809340,8,21
250460,9813388,0,13
250460,9814975,11,6
250460,9865831,6,32
250460,9930392,3,20
250460,10021682,0,13
250460,10158070,0,13
250460,10173287,4,14
250460,10213125,0,13
250460,10308727,3,20
250460,10543278,6,32
250460,10559558,5,14
250460,10574424,1,9
250460,10594188,8,21
250460,10640371,0,13
250460,11074223,10,5
250460,11074714,6,32
250460,11080835,8,21
250460,11096463,1,9
250460,11395027,6,32
250460,11478834,4,14
250460,12015425,6,32
250460,12292975,8,21
250460,12365101,6,32
250460,12704358,4,14
250460,12843667,6,32
250460,13054646,5,14
250460,13134131,3,20
250460,13437506,1,9
250460,13631520,1,9
250460,13672143,10,5
250460,13813296,6,32
250460,14408740,11,6
250460,14484732,3,20
250460,14695219,8,21
250460,14760122,1,9
250460,14896939,8,21
250460,15881214,3,20
250460,15996540,6,32
250460,16645374,10,5
250460,16840872,5,14
250460,17591763,6,32
250460,17987021,5,14
250460,18016928,0,13
250460,18587512,4,14
250460,19257872,3,20
250460,19786664,6,32
250460,20468768,11,6
250460,20675818,3,20
250460,20868970,6,32
250460,21144697,4,14
250460,21491547,8,21
250460,21843204,3,20
250460,21849536,1,9
250460,22748815,11,6
250460,23173846,3,20
250460,23465914,4,14
250460,24502557,6,32
250460,25349935,0,13
250460,26173029,1,9
250460,26278609,8,21
250460,29076648,5,14
250460,29448959,8,21
250460,30000993,6,32
250460,33028150,8,21
250460,33428751,8,21
250460,33871876,6,32
250460,34298611,4,14
250460,38270913,6,32
250460,38356502,6,32
250460,38749013,0,13
250460,39019697,2,9
250460,39075385,6,32
250460,39289734,5,14
250460,40402674,7,6
250460,40535781,3,20
250460,40655964,6,32
250460,41527356,6,32
250460,41960503,4,14
250460,42200991,4,14
250460,43974771,8,21
250460,45281382,5,14
250460,45300536,5,14
250460,45601365,8,21
250460,51704104,2,9
250460,52604027,8,21
250460,52660631,6,32
250460,53543145,7,6
250460,55140805,0,13
250460,59815563,11,6
250460,61194268,3,20
250460,64567893,10,5
250460,67248959,0,13
250460,73230047,2,9
250460,74839873,0,13
250460,75662043,8,21
250460,76354964,5,14
250460,79531824,6,32
250460,83789903,2,9
250460,84175719,8,21
250460,88906839,2,9
250460,92249267,5,14
250460,92294186,4,14
250460,92388533,6,32
250460,94167261,6,32
250460,97209105,5,14
250460,107819575,4,14
250460,110745649,1,9
250460,111798668,6,32
250460,116360090,4,14
250460,117776873,5,14
250460,120041706,6,32
250460,120539506,8,21
250460,126744524,10,5
250460,129470463,4,14
250460,131526951,6,32
250460,131733279,3,20
250460,132381029,6,32
250460,138414159,7,6
250460,140638471,2,9
250460,143568169,1,9
250460,145943758,7,6
250460,148711094,6,32
250460,149975349,4,14
250460,151294517,7,6
250460,159124618,8,21
250460,161089838,8,21
250460,161097835,8,21
250460,172364657,3,20
250460,173476089,9,1
250460,183753218,11,6
250460,187123959,6,32
250460,189875907,2,9
250460,194787376,2,9
250460,196017769,3,20
312370,13090654,5,26
312370,13090861,3,26
312370,13097401,7,11
312370,13098375,1,18
312370,13100937,5,26
312370,13100945,7,11
312370,13102061,1,18
312370,13110237,5,26
312370,13114130,3,26
312370,13116187,7,11
312370,13124792,3,26
312370,13143005,5,26
312370,13146943,5,26
312370,13173335,7,11
312370,13191596,2,10
312370,13208208,7,11
312370,13215727,11,24
312370,13245744,11,24
312370,13254955,3,26
312370,13289042,3,26
312370,13300951,5,26
312370,13424253,1,18
312370,13426514,3,26
312370,13487151,5,26
312370,13768842,11,24
312370,13858689,9,6
312370,13888106,5,26
312370,14231263,11,24
312370,14299032,9,6
312370,14715409,11,24
312370,14753795,2,10
312370,14943631,4,10
312370,14976797,7,11
312370,15269429,11,24
312370,15512961,1,18
312370,15931131,11,24
312370,16707710,11,24
312370,16884657,3,26
312370,17344909,11,24
312370,17838547,8,12
312370,19171110,11,24
312370,19277717,11,24
312370,19394360,4,10
312370,20958448,1,18
312370,21271353,7,11
312370,21684344,3,26
312370,21748328,5,26
312370,22716536,6,4
312370,23199200,5,26
312370,23480013,5,26
312370,23908425,8,12
312370,23942389,1,18
312370,24730259,8,12
312370,24796130,1,18
312370,26179441,1,18
312370,26886946,3,26
312370,27475746,5,26
312370,28103925,8,12
312370,28230247,3,26
312370,28967050,3,26
312370,29262839,11,24
312370,29854478,3,26
312370,30183275,11,24
312370,30418684,6,4
312370,30474876,8,12
312370,31556578,9,6
312370,32732103,5,26
312370,33453105,5,26
312370,35817712,11,24
312370,36410311,3,26
312370,37742785,7,11
312370,37868579,1,18
312370,38315830,7,11
312370,39901045,0,1
312370,39986743,5,26
312370,42600831,5,26
312370,42700989,7,11
312370,43343185,11,24
312370,44334633,8,12
312370,44942274,11,24
312370,45421017,6,4
312370,46664150,4,10
312370,47272390,1,18
312370,47794678,4,10
312370,48551768,5,26
312370,49793160,8,12
312370,50157593,9,6
312370,52324902,4,10
312370,53554099,7,11
312370,54515269,11,24
312370,54901668,1,18
312370,58029700,8,12
312370,59128392,5,26
312370,61379919,2,10
312370,63197308,4,10
312370,64659051,1,18
312370,66900397,4,10
312370,67064380,11,24
312370,69432188,3,26
312370,70739681,1,18
312370,71195715,2,10
312370,72443742,1,18
312370,73250566,3,26
312370,76135803,2,10
312370,79178186,6,4
312370,83032850,2,10
312370,83679039,4,10
312370,83751011,11,24
312370,88505538,1,18
312370,88720445,8,12
312370,92600319,5,26
312370,93256579,3,26
312370,93568097,11,24
312370,93834919,1,18
312370,96250534,3,26
312370,102327391,8,12
312370,113247440,1,18
312370,114294043,8,12
312370,116397825,3,26
312370,118306940,3,26
312370,118748828,11,24
312370,120930877,5,26
312370,127302503,11,24
312370,127666351,3,26
312370,133263297,9,6
312370,138991177,3,26
312370,139227565,3,26
312370,139303923,5,26
312370,144744965,2,10
312370,144767675,5,26
312370,149347739,8,12
312370,151290228,3,26
312370,157871736,4,10
312370,159772259,5,26
312370,168588445,5,26
312370,169278620,10,2
312370,175076333,5,26
312370,175770993,3,26
312370,176396180,5,26
312370,176832059,3,26
312370,179845109,3,26
312370,182696577,10,2
312370,184867219,2,10
312370,190996776,11,24
312370,195051053,11,24
312370,195160389,2,10
312370,195567576,4,10
312370,195805383,1,18
312370,197590223,2,10
312370,203375487,9,6
415880,30376589,5,10
415880,30376815,1,23
415880,30379652,5,10
415880,30382283,2,24
415880,30388445,8,30
415880,30391117,3,31
415880,30393921,8,30
415880,30400986,1,23
415880,30402204,3,31
415880,30405815,8,30
415880,30409698,5,10
415880,30436501,3,31
415880,30442725,5,10
415880,30454782,1,23
415880,30455996,3,31
415880,30477851,7,7
415880,30506881,2,24
415880,30513530,8,30
415880,30517339,5,10
415880,30548138,8,30
415880,30549452,1,23
415880,30625884,3,31
415880,30647951,7,7
415880,30680331,8,30
415880,30690510,3,31
415880,30730779,1,23
415880,31190652,6,11
415880,31239644,6,11
415880,31246022,2,24
415880,31513072,3,31
415880,31779316,3,31
415880,32138857,7,7
415880,32737441,7,7
415880,33019104,8,30
415880,33242524,3,31
415880,33469440,2,24
415880,33497816,3,31
415880,33527390,5,10
415880,33530481,1,23
415880,33533025,8,30
415880,33533302,1,23
415880,33543818,2,24
415880,33545807,3,31
415880,33546522,2,24
415880,33547480,2,24
415880,33551174,1,23
415880,33563415,5,10
415880,33564155,9,7
415880,33565497,7,7
415880,33569154,1,23
415880,33574051,9,7
415880,33577001,9,7
415880,33578480,1,23
415880,33587581,4,2
415880,33590487,3,31
415880,33595152,3,31
415880,33595227,9,7
415880,33612177,2,24
415880,33616334,8,30
415880,33637280,11,2
415880,34248165,1,23
415880,34388617,8,30
415880,34469774,8,30
415880,37078673,8,30
415880,38171715,8,30
415880,39168386,8,30
415880,39943453,7,7
415880,39949555,3,31
415880,39959026,5,10
415880,39964624,3,31
415880,39964802,2,24
415880,39976062,1,23
415880,39985083,2,24
415880,39988884,0,1
415880,39990595,3,31
415880,39996835,2,24
415880,40001667,8,30
415880,40003572,2,24
415880,40011584,9,7
415880,40012260,8,30
415880,40019360,4,2
415880,40020231,1,23
415880,40020266,2,24
415880,40036375,6,11
415880,41595388,8,30
415880,42267073,3,31
415880,42294593,1,23
415880,42544882,2,24
415880,43053823,1,23
415880,43437029,6,11
415880,45010482,8,30
415880,45031658,2,24
415880,47083245,2,24
415880,48230025,9,7
415880,48232146,8,30
415880,48244057,2,24
415880,48248988,2,24
415880,48255584,1,23
415880,48255835,8,30
415880,48257894,3,31
415880,48258861,3,31
415880,48260259,8,30
415880,48265016,10,2
415880,48265106,8,30
415880,48274942,8,30
415880,48275811,3,31
415880,48278007,3,31
415880,48284803,1,23
415880,48285987,1,23
415880,48293515,3,31
415880,48295770,9,7
415880,48298368,3,31
415880,48309532,2,24
415880,48315016,8,30
415880,48321827,2,24
415880,48324126,2,24
415880,48337028,3,31
415880,48341347,7,7
415880,48451841,5,10
415880,48453356,1,23
415880,48513556,3,31
415880,49548400,6,11
415880,50223394,3,31
415880,50914110,1,23
415880,51599401,11,2
415880,52094657,5,10
415880,53844396,3,31
415880,57503817,2,24
415880,57868857,6,11
415880,59255715,10,2
415880,60961303,8,30
415880,63071138,2,24
415880,66412591,8,30
415880,70382495,6,11
415880,71373486,8,30
415880,83078010,3,31
415880,83117904,1,23
415880,83217049,8,30
415880,83553192,1,23
415880,86670705,3,31
415880,90755612,6,11
415880,107248583,6,11
415880,107634484,3,31
415880,108316004,1,23
415880,116987122,8,30
415880,119764195,3,31
415880,132108597,2,24
415880,141109313,8,30
415880,141437344,6,11
415880,176996237,6,11
435020,33690887,6,4
435020,33692571,3,7
435020,33693639,5,17
435020,33699161,7,2
435020,33699805,5,17
435020,33701386,1,35
435020,33709007,1,35
435020,33710059,6,4
435020,33713581,1,35
435020,33723600,1,35
435020,33733382,1,35
435020,33733405,9,13
435020,33739035,1,35
435020,33739888,5,17
435020,33740575,8,5
435020,33748918,9,13
435020,33760007,9,13
435020,33761063,8,5
435020,33763956,0,14
435020,33765468,1,35
435020,33781983,1,35
435020,33802335,8,5
435020,33823675,8,5
435020,33825419,9,13
435020,33833606,1,35
435020,33838566,1,35
435020,33851847,9,13
435020,33963310,1,35
435020,33981446,5,17
435020,34199565,0,14
435020,34209018,2,2
435020,34266931,9,13
435020,34570628,0,14
435020,34685052,7,2
435020,34792412,1,35
435020,34959535,0,14
435020,35217268,5,17
435020,35284606,1,35
435020,35298444,9,13
435020,35400512,1,35
435020,35541509,0,14
435020,35631885,0,14
435020,35793815,5,17
435020,36807610,1,35
435020,36819293,1,35
435020,36863094,1,35
435020,37863050,9,13
435020,37918464,1,35
435020,38972364,9,13
435020,39227290,4,2
435020,41140925,9,13
435020,41426215,3,7
435020,41654272,5,17
435020,41699724,1,35
435020,42010916,3,7
435020,42109300,3,7
435020,44477695,5,17
435020,44913196,1,35
435020,45178456,0,14
435020,45636487,1,35
435020,47417350,0,14
435020,47767053,0,14
435020,47819291,1,35
435020,48410179,1,35
435020,48891625,0,14
435020,49828052,1,35
435020,49864084,2,2
435020,51815404,1,35
435020,52048665,1,35
435020,52223448,3,7
435020,52707723,1,35
435020,54867219,0,14
435020,55518024,1,35
435020,55975295,8,5
435020,57040466,0,14
435020,57411848,5,17
435020,58793949,1,35
435020,59713783,1,35
435020,60729378,0,14
435020,61400504,5,17
435020,61924435,5,17
435020,63188599,1,35
435020,63203260,5,17
435020,66474585,1,35
435020,71858167,9,13
435020,72082975,3,7
435020,72348878,3,7
435020,74741775,1,35
435020,75410179,5,17
435020,76845415,6,4
435020,77906667,6,4
435020,82445075,9,13
435020,88145778,4,2
435020,89544714,5,17
435020,96211481,1,35
435020,98195003,9,13
435020,99708347,0,14
435020,121871974,1,35
435020,122006871,5,17
435020,143130983,5,17
435020,152025582,5,17
435480,23544427,5,13
435480,23544820,10,13
435480,23544980,3,42
435480,23544993,3,42
435480,23545083,10,13
435480,23545307,3,42
435480,23545627,1,19
435480,23545662,10,13
435480,23545693,10,13
435480,23545841,5,13
435480,23546595,3,42
435480,23548582,3,42
435480,23551162,3,42
435480,23551852,6,22
435480,23551918,3,42
435480,23552799,3,42
435480,23553951,3,42
435480,23558034,3,42
435480,23559272,6,22
435480,23559529,7,14
435480,23562615,10,13
435480,23563124,10,13
435480,23565052,1,19
435480,23565387,1,19
435480,23568263,3,42
435480,23570674,6,22
435480,23574157,1,19
435480,23590138,10,13
435480,23590291,7,14
435480,23600991,2,12
435480,23607788,6,22
435480,23608239,1,19
435480,23608387,3,42
435480,23610976,2,12
435480,23615194,6,22
435480,23617957,3,42
435480,23620185,3,42
435480,23622576,10,13
435480,23623216,6,22
435480,23623733,6,22
435480,23624916,3,42
435480,23636257,3,42
435480,23643886,1,19
435480,23648404,6,22
435480,23649012,6,22
435480,23657832,6,22
435480,23665196,4,1
435480,23668961,6,22
435480,23670575,7,14
435480,23712201,7,14
435480,23785812,1,19
435480,23803380,7,14
435480,23941370,1,19
435480,24207412,6,22
435480,24338805,7,14
435480,24527726,7,14
435480,25431846,7,14
435480,25493143,6,22
435480,25950714,7,14
435480,29097979,7,14
435480,29753783,1,19
435480,30114198,11,3
435480,30740611,8,4
435480,30786219,6,22
435480,31307823,3,42
435480,33216121,3,42
435480,33333099,10,13
435480,33883032,6,22
435480,35687926,3,42
435480,38002782,5,13
435480,38124368,5,13
435480,38230533,3,42
435480,38475536,9,2
435480,39723808,5,13
435480,40243764,9,2
435480,40306178,6,22
435480,41053746,1,19
435480,41240255,1,19
435480,41390119,1,19
435480,41579445,10,13
435480,42935621,3,42
435480,43199975,3,42
435480,43303417,1,19
435480,43558794,3,42
435480,46834511,7,14
435480,48656524,5,13
435480,49023286,2,12
435480,49029374,3,42
435480,49250349,3,42
435480,49696832,3,42
435480,49708494,5,13
435480,49711927,3,42
435480,49743497,10,13
435480,49747082,2,12
435480,49805958,3,42
435480,50192176,6,22
435480,50482711,3,42
435480,50564182,2,12
435480,50567433,6,22
435480,51471981,5,13
435480,52879524,1,19
435480,55242304,3,42
435480,59524917,2,12
435480,65516758,6,22
435480,65708101,2,12
435480,66119621,3,42
435480,67875285,3,42
435480,72860269,2,12
435480,73426532,8,4
435480,75342180,1,19
435480,76502300,3,42
435480,81283245,1,19
435480,81491036,6,22
435480,82148989,6,22
435480,83500160,1,19
435480,84831648,3,42
435480,89799218,10,13
435480,90206798,3,42
435480,90389166,3,42
435480,90481185,3,42
435480,98503057,7,14
435480,99788403,0,1
435480,115473538,3,42
435480,116049142,1,19
435480,117141476,2,12
435480,120750569,6,22
435480,126682819,2,12
435480,130054713,10,13
435480,131372783,5,13
435480,138415080,8,4
435480,144551364,5,13
435480,152544715,2,12
435480,155373018,1,19
435480,159944796,5,13
435480,164196406,11,3
435480,177937912,3,42
435480,185272431,7,14
435480,185373082,3,42
435480,185532211,5,13
435480,189057423,11,3
435480,189375153,7,14
435480,196369192,2,12
435480,196710598,3,42
435480,198963491,3,42
435480,200299590,5,13
435480,201782175,8,4
1273440,116084187,2,25
1273440,116089176,6,26
1273440,116115697,5,21
1273440,116126823,6,26
1273440,116207679,5,21
1273440,116342324,1,19
1273440,116431435,2,25
1273440,116493598,8,25
1273440,116526059,11,3
1273440,116548352,8,25
1273440,116551443,1,19
1273440,116575511,6,26
1273440,116684885,0,7
1273440,116740642,1,19
1273440,116752903,9,2
1273440,116888819,1,19
1273440,117002147,1,19
1273440,117089838,6,26
1273440,117179354,2,25
1273440,117202099,1,19
1273440,117299490,2,25
1273440,117308419,6,26
1273440,117447354,5,21
1273440,117610842,8,25
1273440,117694860,2,25
1273440,117743855,6,26
1273440,117943599,1,19
1273440,118180061,10,4
1273440,118271337,5,21
1273440,118356795,2,25
1273440,118535794,5,21
1273440,118547954,10,4
1273440,118632798,8,25
1273440,118732863,8,25
1273440,118804884,2,25
1273440,118874623,8,25
1273440,119349068,1,19
1273440,119454969,1,19
1273440,119619361,8,25
1273440,119742663,0,7
1273440,119978065,8,25
1273440,119980318,6,26
1273440,120353604,5,21
1273440,120481687,5,21
1273440,120492562,1,19
1273440,120753298,6,26
1273440,121358731,0,7
1273440,121759727,6,26
1273440,121962767,2,25
1273440,121978552,1,19
1273440,122313305,6,26
1273440,122654012,2,25
1273440,122801084,5,21
1273440,122880542,3,6
1273440,123866725,5,21
1273440,123898277,3,6
1273440,124188946,8,25
1273440,124346536,8,25
1273440,124730952,7,10
1273440,124861376,8,25
1273440,125371051,6,26
1273440,125678703,8,25
1273440,125733567,2,25
1273440,126411329,6,26
1273440,126444709,7,10
1273440,127083870,6,26
1273440,127117080,3,6
1273440,127649338,8,25
1273440,127673979,10,4
1273440,127736567,2,25
1273440,128137925,8,25
1273440,128222378,5,21
1273440,128363529,5,21
1273440,128869815,0,7
1273440,129375465,8,25
1273440,129919198,3,6
1273440,130059291,5,21
1273440,130134868,6,26
1273440,131135361,2,25
1273440,131306929,8,25
1273440,132655626,4,2
1273440,132790709,7,10
1273440,133534593,8,25
1273440,133977846,6,26
1273440,134111150,8,25
1273440,134246785,7,10
1273440,134563489,8,25
1273440,136245437,1,19
1273440,136841460,3,6
1273440,137458151,8,25
1273440,137531735,5,21
1273440,137783791,6,26
1273440,138627624,5,21
1273440,138695553,6,26
1273440,139520744,1,19
1273440,140968733,8,25
1273440,142512446,6,26
1273440,142799555,1,19
1273440,144931458,5,21
1273440,145699497,5,21
1273440,146362589,8,25
1273440,146799383,1,19
1273440,146985792,11,3
1273440,148310699,2,25
1273440,149231315,6,26
1273440,149236252,2,25
1273440,149594092,5,21
1273440,150878724,6,26
1273440,151461898,5,21
1273440,151468745,7,10
1273440,151495991,7,10
1273440,152256048,6,26
1273440,152412450,2,25
1273440,152967924,1,19
1273440,153450270,2,25
1273440,154319256,2,25
1273440,154480726,7,10
1273440,155199831,2,25
1273440,155251220,7,10
1273440,156328518,2,25
1273440,157217231,10,4
1273440,157249051,11,3
1273440,157493473,2,25
1273440,160025079,5,21
1273440,160281205,2,25
1273440,160682344,7,10
1273440,160706634,8,25
1273440,162759199,6,26
1273440,162812826,4,2
1273440,163527360,0,7
1273440,163552258,8,25
1273440,165025665,1,19
1273440,165154609,7,10
1273440,166626066,2,25
1273440,168764921,8,25
1273440,169592603,1,19
1273440,170544797,3,6
1273440,171647541,6,26
1273440,173899252,5,21
1273440,175352489,2,25
1273440,176670635,0,7
1273440,177272490,5,21
1273440,179677202,6,26
1273440,182940283,2,25
1273440,186051661,9,2
1273440,188514970,0,7
1273440,191330048,6,26
1273440,193422189,1,19
1273440,196543015,6,26
1273440,196663757,2,25
1555650,101496341,3,7
1555650,101517012,2,9
1555650,101517193,7,21
1555650,101555442,5,10
1555650,101583602,2,9
1555650,101625350,2,9
1555650,101696371,7,21
1555650,101738657,1,3
1555650,101768684,2,9
1555650,101808329,7,21
1555650,101853602,2,9
1555650,101907617,7,21
1555650,101928635,2,9
1555650,101968623,7,21
1555650,106127002,7,21
1555650,106563303,1,3
1555650,107015640,7,21
1555650,107422994,7,21
1555650,108765442,5,10
1555650,110676666,7,21
1555650,113454438,7,21
1555650,114331319,5,10
1555650,115161271,7,21
1555650,116169232,3,7
1555650,117281748,7,21
1555650,118787861,7,21
1555650,122143911,3,7
1555650,123975048,5,10
1555650,124489215,7,21
1555650,130167934,3,7
1555650,131639025,5,10
1555650,131840574,2,9
1555650,134722621,1,3
1555650,135503709,7,21
1555650,136875714,5,10
1555650,140340084,2,9
1555650,140553058,4,3
1555650,141899700,3,7
1555650,142239660,5,10
1555650,142294623,7,21
1555650,143307534,5,10
1555650,147416203,7,21
1555650,148062484,6,1
1555650,154467918,7,21
1555650,155198577,5,10
1555650,157458198,3,7
1555650,168584048,3,7
1555650,172483692,2,9
1555650,176766975,7,21
1555650,180841989,7,21
1555650,184150384,0,1
1555650,187812706,7,21
1555650,189469451,5,10
1555650,191418185,4,3
1555650,202684169,4,3
1929360,113295536,4,9
1929360,113355934,1,19
1929360,113367189,8,18
1929360,113385813,8,18
1929360,113386235,3,13
1929360,113458079,5,16
1929360,113458089,5,16
1929360,113489318,1,19
1929360,113490551,1,19
1929360,113638508,5,16
1929360,114035375,4,9
1929360,114040321,8,18
1929360,114045621,1,19
1929360,114045683,8,18
1929360,114056717,5,16
1929360,114073541,1,19
1929360,114080341,3,13
1929360,114098840,8,18
1929360,114100401,8,18
1929360,114107205,1,19
1929360,114125374,3,13
1929360,114164820,1,19
1929360,114233900,3,13
1929360,114293435,5,16
1929360,114321929,4,9
1929360,114331120,3,13
1929360,114373548,5,16
1929360,114382052,4,9
1929360,114400444,2,3
1929360,114415546,8,18
1929360,114488004,0,2
1929360,114658173,5,16
1929360,114658954,3,13
1929360,114700562,5,16
1929360,114807680,3,13
1929360,114886658,7,1
1929360,115140113,8,18
1929360,115527028,8,18
1929360,115535302,1,19
1929360,115555042,1,19
1929360,115564871,5,16
1929360,115580075,4,9
1929360,115858157,5,16
1929360,116535045,6,3
1929360,116910276,4,9
1929360,117258191,5,16
1929360,117417995,4,9
1929360,117548116,8,18
1929360,117605509,8,18
1929360,117663750,4,9
1929360,117750420,8,18
1929360,117764368,5,16
1929360,117769856,1,19
1929360,119673357,3,13
1929360,122052098,4,9
1929360,123707594,3,13
1929360,123855126,1,19
1929360,124737761,1,19
1929360,125842577,1,19
1929360,127049510,8,18
1929360,127406868,8,18
1929360,127482025,8,18
1929360,129220186,1,19
1929360,131629586,6,3
1929360,132367887,6,3
1929360,134334939,1,19
1929360,135360146,3,13
1929360,135522054,1,19
1929360,136674382,8,18
1929360,140581316,1,19
1929360,143421254,5,16
1929360,143634041,1,19
1929360,143634115,2,3
1929360,144534664,3,13
1929360,149549330,1,19
1929360,150328776,5,16
1929360,155348642,5,16
1929360,161084794,3,13
1929360,162450356,2,3
1929360,164202564,5,16
1929360,168303900,0,2
1929360,177321114,3,13
1929360,192549005,8,18
1929360,197566111,8,18
3584190,191505890,6,18
3584190,191521493,6,18
3584190,191527634,0,41
3584190,191577507,9,12
3584190,191739654,6,18
3584190,191742938,1,4
3584190,191748204,5,18
3584190,191758222,10,4
3584190,191767661,6,18
3584190,191767949,4,4
3584190,191772313,5,18
3584190,191775546,9,12
3584190,191781397,5,18
3584190,191784322,0,41
3584190,191787123,0,41
3584190,191791843,0,41
3584190,191820901,10,4
3584190,191823684,9,12
3584190,191824338,0,41
3584190,191830884,6,18
3584190,191852026,0,41
3584190,191857078,9,12
3584190,191859333,1,4
3584190,191864941,6,18
3584190,191865420,6,18
3584190,191869748,5,18
3584190,191870683,9,12
3584190,191876115,0,41
3584190,191880261,8,3
3584190,191886572,5,18
3584190,191890363,5,18
3584190,191905970,5,18
3584190,191915241,5,18
3584190,191922427,0,41
3584190,191923612,0,41
3584190,191925049,0,41
3584190,191926034,5,18
3584190,191940162,4,4
3584190,191950364,6,18
3584190,191977956,0,41
3584190,191996103,0,41
3584190,192014469,0,41
3584190,192018730,0,41
3584190,192030675,7,6
3584190,192092211,0,41
3584190,192103750,6,18
3584190,192107055,5,18
3584190,192113293,0,41
3584190,192149775,9,12
3584190,192156693,5,18
3584190,192198198,5,18
3584190,192281451,0,41
3584190,192366025,0,41
3584190,192388517,5,18
3584190,192414666,0,41
3584190,192467985,1,4
3584190,192630337,0,41
3584190,192702157,10,4
3584190,192991372,6,18
3584190,193004815,0,41
3584190,193015241,0,41
3584190,193059065,0,41
3584190,193122958,9,12
3584190,193213647,6,18
3584190,193374964,4,4
3584190,193401760,0,41
3584190,193422353,7,6
3584190,193467494,1,4
3584190,194079273,0,41
3584190,194095524,9,12
3584190,194242549,6,18
3584190,194312340,0,41
3584190,194367954,5,18
3584190,194393841,6,18
3584190,194489037,9,12
3584190,194496645,0,41
3584190,194587304,0,41
3584190,194743067,9,12
3584190,194999796,0,41
3584190,195043462,0,41
3584190,195066268,5,18
3584190,195130936,0,41
3584190,195223136,8,3
3584190,195403623,0,41
3584190,195741082,6,18
3584190,195772832,6,18
3584190,196019426,0,41
3584190,196280701,9,12
3584190,196593249,0,41
3584190,197119765,4,4
3584190,198069083,10,4
3584190,198258502,3,1
3584190,198432511,0,41
3584190,198480273,5,18
3584190,198487221,0,41
3584190,198581963,7,6
3584190,198604647,2,1
3584190,198932971,6,18
3584190,199514413,0,41
3584190,199571222,5,18
3584190,200793996,6,18
3584190,201701130,6,18
3584190,202333442,5,18
3584190,202766341,0,41
3584190,202773105,7,6
3584190,202941205,0,41
3584190,203359863,7,6
3584190,203642441,9,12
3584190,204056325,8,3
3584190,204666914,0,41
3584190,204938064,7,6
3584190,205217635,0,41
